Time,src_ip,dst_ip,protocol,packet_length,info
2026-02-03 12:18:30.000277,N/A,N/A,ARP,42,"Packet (Length: 42)"
2026-02-03 12:18:31.023214,N/A,N/A,ARP,42,"Packet (Length: 42)"
2026-02-03 12:18:31.398359,192.168.1.4,95.100.86.213,DATA,71,"Packet (Length: 71)"
2026-02-03 12:18:31.439476,192.168.1.4,142.250.200.130,TLS,55,"Packet (Length: 55)"
2026-02-03 12:18:31.487945,142.250.200.130,192.168.1.4,TCP,66,"Packet (Length: 66)"
2026-02-03 12:18:31.496118,95.100.86.213,192.168.1.4,DATA,70,"Packet (Length: 70)"
2026-02-03 12:18:32.749476,192.168.1.4,150.171.30.11,TLS,55,"Packet (Length: 55)"
2026-02-03 12:18:32.839715,150.171.30.11,192.168.1.4,TCP,66,"Packet (Length: 66)"
2026-02-03 12:18:34.506745,104.18.39.21,192.168.1.4,TLS,78,"Packet (Length: 78)"
2026-02-03 12:18:34.507266,192.168.1.4,104.18.39.21,TLS,82,"Packet (Length: 82)"
2026-02-03 12:18:34.576360,13.107.213.42,192.168.1.4,TLS,93,"Packet (Length: 93)"
2026-02-03 12:18:34.576360,13.107.213.42,192.168.1.4,TLS,78,"Packet (Length: 78)"
2026-02-03 12:18:34.576469,192.168.1.4,13.107.213.42,TCP,54,"Packet (Length: 54)"
2026-02-03 12:18:34.577031,192.168.1.4,13.107.213.42,TCP,54,"Packet (Length: 54)"
2026-02-03 12:18:34.578929,13.107.213.42,192.168.1.4,TCP,54,"Packet (Length: 54)"
2026-02-03 12:18:34.579005,192.168.1.4,13.107.213.42,TCP,54,"Packet (Length: 54)"
2026-02-03 12:18:34.589217,104.18.39.21,192.168.1.4,TCP,56,"Packet (Length: 56)"
2026-02-03 12:18:34.629132,13.107.213.42,192.168.1.4,TCP,60,"Packet (Length: 60)"
2026-02-03 12:18:34.695018,13.107.213.42,192.168.1.4,TLS,93,"Packet (Length: 93)"
2026-02-03 12:18:34.695018,13.107.213.42,192.168.1.4,TLS,78,"Packet (Length: 78)"
2026-02-03 12:18:34.695126,192.168.1.4,13.107.213.42,TCP,54,"Packet (Length: 54)"
2026-02-03 12:18:34.695728,192.168.1.4,13.107.213.42,TCP,54,"Packet (Length: 54)"
2026-02-03 12:18:34.699046,13.107.213.42,192.168.1.4,TCP,54,"Packet (Length: 54)"
2026-02-03 12:18:34.699126,192.168.1.4,13.107.213.42,TCP,54,"Packet (Length: 54)"
2026-02-03 12:18:34.749048,13.107.213.42,192.168.1.4,TCP,60,"Packet (Length: 60)"
2026-02-03 12:18:35.944549,192.168.1.4,216.58.215.164,DATA,71,"Packet (Length: 71)"
2026-02-03 12:18:35.997726,216.58.215.164,192.168.1.4,DATA,67,"Packet (Length: 67)"
2026-02-03 12:18:37.782281,N/A,N/A,ARP,42,"Packet (Length: 42)"
2026-02-03 12:18:37.903149,192.168.1.4,95.100.86.213,DATA,71,"Packet (Length: 71)"
2026-02-03 12:18:37.922882,192.168.1.4,192.168.1.1,DNS,89,"Packet (Length: 89)"
2026-02-03 12:18:37.923566,192.168.1.4,192.168.1.1,DNS,89,"Packet (Length: 89)"
2026-02-03 12:18:38.034214,192.168.1.1,192.168.1.4,DNS,149,"Packet (Length: 149)"
2026-02-03 12:18:38.034605,192.168.1.1,192.168.1.4,DNS,105,"Packet (Length: 105)"
2026-02-03 12:18:38.035419,192.168.1.4,95.100.86.213,DATA,71,"Packet (Length: 71)"
2026-02-03 12:18:38.036714,192.168.1.4,142.250.201.3,QUIC,1292,"Packet (Length: 1292)"
2026-02-03 12:18:38.036819,192.168.1.4,142.250.201.3,QUIC,1292,"Packet (Length: 1292)"
2026-02-03 12:18:38.036896,192.168.1.4,142.250.201.3,QUIC,1292,"Packet (Length: 1292)"
2026-02-03 12:18:38.037432,192.168.1.4,142.250.201.3,QUIC,122,"Packet (Length: 122)"
2026-02-03 12:18:38.037730,192.168.1.4,142.250.201.3,QUIC,445,"Packet (Length: 445)"
2026-02-03 12:18:38.176916,95.100.86.213,192.168.1.4,DATA,70,"Packet (Length: 70)"
2026-02-03 12:18:38.177245,95.100.86.213,192.168.1.4,DATA,71,"Packet (Length: 71)"
2026-02-03 12:18:38.177581,142.250.201.3,192.168.1.4,QUIC,86,"Packet (Length: 86)"
2026-02-03 12:18:38.177581,142.250.201.3,192.168.1.4,QUIC,86,"Packet (Length: 86)"
2026-02-03 12:18:38.179571,142.250.201.3,192.168.1.4,QUIC,1296,"Packet (Length: 1296)"
2026-02-03 12:18:38.179571,142.250.201.3,192.168.1.4,QUIC,1296,"Packet (Length: 1296)"
2026-02-03 12:18:38.179571,142.250.201.3,192.168.1.4,QUIC,1296,"Packet (Length: 1296)"
2026-02-03 12:18:38.179571,142.250.201.3,192.168.1.4,QUIC,331,"Packet (Length: 331)"
2026-02-03 12:18:38.180830,142.250.201.3,192.168.1.4,QUIC,1011,"Packet (Length: 1011)"
2026-02-03 12:18:38.180830,142.250.201.3,192.168.1.4,QUIC,76,"Packet (Length: 76)"
2026-02-03 12:18:38.180830,142.250.201.3,192.168.1.4,QUIC,70,"Packet (Length: 70)"
2026-02-03 12:18:38.180884,192.168.1.4,142.250.201.3,QUIC,120,"Packet (Length: 120)"
2026-02-03 12:18:38.181082,192.168.1.4,142.250.201.3,QUIC,73,"Packet (Length: 73)"
2026-02-03 12:18:38.183658,192.168.1.4,172.217.20.225,TLS,55,"Packet (Length: 55)"
2026-02-03 12:18:38.191162,142.250.201.3,192.168.1.4,QUIC,78,"Packet (Length: 78)"
2026-02-03 12:18:38.191447,142.250.201.3,192.168.1.4,QUIC,67,"Packet (Length: 67)"
2026-02-03 12:18:38.191655,192.168.1.4,142.250.201.3,QUIC,73,"Packet (Length: 73)"
2026-02-03 12:18:38.224920,192.168.1.4,142.250.201.3,QUIC,74,"Packet (Length: 74)"
2026-02-03 12:18:38.320365,142.250.201.3,192.168.1.4,QUIC,166,"Packet (Length: 166)"
2026-02-03 12:18:38.320666,142.250.201.3,192.168.1.4,QUIC,403,"Packet (Length: 403)"
2026-02-03 12:18:38.320838,172.217.20.225,192.168.1.4,TCP,66,"Packet (Length: 66)"
2026-02-03 12:18:38.321027,192.168.1.4,142.250.201.3,QUIC,77,"Packet (Length: 77)"
2026-02-03 12:18:38.404876,142.250.201.3,192.168.1.4,QUIC,69,"Packet (Length: 69)"
2026-02-03 12:18:39.017523,192.168.1.4,13.107.213.42,TLS,55,"Packet (Length: 55)"
2026-02-03 12:18:39.146040,95.100.86.220,192.168.1.4,TLS,82,"Packet (Length: 82)"
2026-02-03 12:18:39.146195,192.168.1.4,95.100.86.220,TCP,54,"Packet (Length: 54)"
2026-02-03 12:18:39.151561,95.100.86.220,192.168.1.4,TCP,58,"Packet (Length: 58)"
2026-02-03 12:18:39.151632,192.168.1.4,95.100.86.220,TCP,54,"Packet (Length: 54)"
2026-02-03 12:18:39.182299,13.107.213.42,192.168.1.4,TCP,54,"Packet (Length: 54)"
2026-02-03 12:18:39.727179,N/A,N/A,ARP,42,"Packet (Length: 42)"
2026-02-03 12:18:40.824487,192.168.1.4,20.190.177.82,TLS,55,"Packet (Length: 55)"
2026-02-03 12:18:40.901820,20.190.177.82,192.168.1.4,TCP,66,"Packet (Length: 66)"
2026-02-03 12:18:41.036086,192.168.1.4,20.190.177.82,TLS,55,"Packet (Length: 55)"
2026-02-03 12:18:41.112314,20.190.177.82,192.168.1.4,TCP,66,"Packet (Length: 66)"
2026-02-03 12:18:41.777130,N/A,N/A,SSDP,188,"Packet (Length: 188)"
2026-02-03 12:18:41.852743,192.168.1.4,64.233.167.188,TLS,80,"Packet (Length: 80)"
2026-02-03 12:18:41.926619,64.233.167.188,192.168.1.4,TLS,84,"Packet (Length: 84)"
2026-02-03 12:18:41.932773,64.233.167.188,192.168.1.4,TCP,60,"Packet (Length: 60)"
2026-02-03 12:18:41.932869,192.168.1.4,64.233.167.188,TCP,54,"Packet (Length: 54)"
2026-02-03 12:18:41.953380,N/A,N/A,SSDP,188,"Packet (Length: 188)"
2026-02-03 12:18:42.289173,N/A,N/A,SSDP,188,"Packet (Length: 188)"
2026-02-03 12:18:42.493794,N/A,N/A,SSDP,188,"Packet (Length: 188)"
2026-02-03 12:18:42.803040,192.168.1.1,239.255.255.250,SSDP,174,"Packet (Length: 174)"
2026-02-03 12:18:43.005949,192.168.1.1,239.255.255.250,SSDP,174,"Packet (Length: 174)"
2026-02-03 12:18:43.312959,N/A,N/A,SSDP,189,"Packet (Length: 189)"
2026-02-03 12:18:43.314445,95.100.86.213,192.168.1.4,DATA,77,"Packet (Length: 77)"
2026-02-03 12:18:43.342145,192.168.1.4,95.100.86.213,DATA,74,"Packet (Length: 74)"
2026-02-03 12:18:43.407003,95.100.86.213,192.168.1.4,DATA,77,"Packet (Length: 77)"
2026-02-03 12:18:43.407482,192.168.1.4,95.100.86.213,DATA,75,"Packet (Length: 75)"
2026-02-03 12:18:43.518775,192.168.1.4,95.100.86.213,DATA,71,"Packet (Length: 71)"
2026-02-03 12:18:43.521973,N/A,N/A,SSDP,189,"Packet (Length: 189)"
2026-02-03 12:18:43.617450,95.100.86.213,192.168.1.4,DATA,70,"Packet (Length: 70)"
2026-02-03 12:18:43.763746,192.168.1.4,142.250.185.6,TLS,55,"Packet (Length: 55)"
2026-02-03 12:18:43.767543,95.100.86.213,192.168.1.4,DATA,70,"Packet (Length: 70)"
2026-02-03 12:18:43.774875,N/A,N/A,SSDP,189,"Packet (Length: 189)"
2026-02-03 12:18:43.798582,192.168.1.4,95.100.86.213,DATA,74,"Packet (Length: 74)"
2026-02-03 12:18:43.823623,142.250.185.6,192.168.1.4,TCP,66,"Packet (Length: 66)"
2026-02-03 12:18:43.832733,192.168.1.4,95.100.86.213,DATA,71,"Packet (Length: 71)"
2026-02-03 12:18:43.930900,95.100.86.213,192.168.1.4,DATA,70,"Packet (Length: 70)"
2026-02-03 12:18:44.132251,N/A,N/A,SSDP,189,"Packet (Length: 189)"
2026-02-03 12:18:44.146346,192.168.1.4,95.100.86.213,DATA,71,"Packet (Length: 71)"
2026-02-03 12:18:44.249063,95.100.86.213,192.168.1.4,DATA,70,"Packet (Length: 70)"
2026-02-03 12:18:44.294872,192.168.1.1,239.255.255.250,SSDP,175,"Packet (Length: 175)"
2026-02-03 12:18:44.452067,192.168.1.4,95.100.86.213,DATA,71,"Packet (Length: 71)"
2026-02-03 12:18:44.550323,95.100.86.213,192.168.1.4,DATA,70,"Packet (Length: 70)"
2026-02-03 12:18:44.555091,192.168.1.1,239.255.255.250,SSDP,175,"Packet (Length: 175)"
2026-02-03 12:18:44.752039,192.168.1.4,95.100.86.213,DATA,71,"Packet (Length: 71)"
2026-02-03 12:18:44.851512,95.100.86.213,192.168.1.4,DATA,70,"Packet (Length: 70)"
2026-02-03 12:18:44.907318,192.168.1.4,40.126.53.17,TLS,55,"Packet (Length: 55)"
2026-02-03 12:18:45.060489,192.168.1.4,95.100.86.213,DATA,71,"Packet (Length: 71)"
2026-02-03 12:18:45.161289,95.100.86.213,192.168.1.4,DATA,70,"Packet (Length: 70)"
2026-02-03 12:18:45.364762,192.168.1.4,95.100.86.213,DATA,71,"Packet (Length: 71)"
2026-02-03 12:18:45.465309,95.100.86.213,192.168.1.4,DATA,70,"Packet (Length: 70)"
2026-02-03 12:18:45.860509,192.168.1.4,40.126.53.17,TLS,55,"Packet (Length: 55)"
2026-02-03 12:18:45.877690,192.168.1.4,95.100.86.213,DATA,71,"Packet (Length: 71)"
2026-02-03 12:18:45.912136,192.168.1.4,173.194.140.199,TLS,55,"Packet (Length: 55)"
2026-02-03 12:18:45.974393,95.100.86.213,192.168.1.4,DATA,70,"Packet (Length: 70)"
2026-02-03 12:18:46.184226,173.194.140.199,192.168.1.4,TCP,58,"Packet (Length: 58)"
2026-02-03 12:18:46.485471,N/A,N/A,ARP,42,"Packet (Length: 42)"
2026-02-03 12:18:46.529374,192.168.1.4,150.171.30.11,TLS,55,"Packet (Length: 55)"
2026-02-03 12:18:46.614666,150.171.30.11,192.168.1.4,TCP,66,"Packet (Length: 66)"
2026-02-03 12:18:46.776705,192.168.1.4,95.100.86.213,DATA,71,"Packet (Length: 71)"
2026-02-03 12:18:46.849170,192.168.1.4,173.194.140.199,TLS,55,"Packet (Length: 55)"
2026-02-03 12:18:46.886315,95.100.86.213,192.168.1.4,DATA,70,"Packet (Length: 70)"
2026-02-03 12:18:47.104415,173.194.140.199,192.168.1.4,TCP,58,"Packet (Length: 58)"
2026-02-03 12:18:47.317418,192.168.1.4,142.250.185.3,TLS,55,"Packet (Length: 55)"
2026-02-03 12:18:47.375313,142.250.185.3,192.168.1.4,TCP,66,"Packet (Length: 66)"
2026-02-03 12:18:47.407636,N/A,N/A,ARP,42,"Packet (Length: 42)"
2026-02-03 12:18:48.335196,204.79.197.254,192.168.1.4,TCP,54,"Packet (Length: 54)"
2026-02-03 12:18:48.431625,N/A,N/A,ARP,42,"Packet (Length: 42)"
2026-02-03 12:18:48.487529,192.168.1.4,95.100.86.213,DATA,71,"Packet (Length: 71)"
2026-02-03 12:18:48.586106,95.100.86.213,192.168.1.4,DATA,70,"Packet (Length: 70)"
2026-02-03 12:18:49.102372,192.168.1.4,173.194.140.199,TLS,55,"Packet (Length: 55)"
2026-02-03 12:18:49.465900,173.194.140.199,192.168.1.4,TCP,58,"Packet (Length: 58)"
2026-02-03 12:18:49.976162,52.108.8.254,192.168.1.4,TCP,54,"Packet (Length: 54)"
2026-02-03 12:18:50.801158,192.168.1.4,142.250.185.10,TLS,55,"Packet (Length: 55)"
2026-02-03 12:18:51.791047,192.168.1.4,95.100.86.213,DATA,71,"Packet (Length: 71)"
2026-02-03 12:18:51.888763,95.100.86.213,192.168.1.4,DATA,70,"Packet (Length: 70)"
2026-02-03 12:18:52.947574,13.107.3.254,192.168.1.4,TCP,54,"Packet (Length: 54)"
2026-02-03 12:18:53.348360,95.100.86.213,192.168.1.4,DATA,112,"Packet (Length: 112)"
2026-02-03 12:18:53.409493,192.168.1.4,95.100.86.213,QUIC,1292,"Packet (Length: 1292)"
2026-02-03 12:18:53.409737,192.168.1.4,95.100.86.213,QUIC,1292,"Packet (Length: 1292)"
2026-02-03 12:18:53.554343,95.100.86.213,192.168.1.4,QUIC,86,"Packet (Length: 86)"
2026-02-03 12:18:53.556783,95.100.86.213,192.168.1.4,QUIC,1296,"Packet (Length: 1296)"
2026-02-03 12:18:53.558519,95.100.86.213,192.168.1.4,QUIC,1296,"Packet (Length: 1296)"
2026-02-03 12:18:53.561484,95.100.86.213,192.168.1.4,QUIC,303,"Packet (Length: 303)"
2026-02-03 12:18:53.562927,192.168.1.4,95.100.86.213,QUIC,1292,"Packet (Length: 1292)"
2026-02-03 12:18:53.563130,192.168.1.4,95.100.86.213,QUIC,115,"Packet (Length: 115)"
2026-02-03 12:18:53.649698,95.100.86.213,192.168.1.4,QUIC,349,"Packet (Length: 349)"
2026-02-03 12:18:53.653093,95.100.86.213,192.168.1.4,QUIC,102,"Packet (Length: 102)"
2026-02-03 12:18:53.653492,95.100.86.213,192.168.1.4,QUIC,67,"Packet (Length: 67)"
2026-02-03 12:18:53.653492,95.100.86.213,192.168.1.4,QUIC,116,"Packet (Length: 116)"
2026-02-03 12:18:53.653695,192.168.1.4,95.100.86.213,QUIC,73,"Packet (Length: 73)"
2026-02-03 12:18:53.653992,192.168.1.4,95.100.86.213,QUIC,73,"Packet (Length: 73)"
2026-02-03 12:18:53.654226,95.100.86.213,192.168.1.4,QUIC,71,"Packet (Length: 71)"
2026-02-03 12:18:53.864658,192.168.1.4,95.100.86.213,QUIC,71,"Packet (Length: 71)"
2026-02-03 12:18:53.943066,192.168.1.4,23.46.86.99,TLS,55,"Packet (Length: 55)"
2026-02-03 12:18:53.965670,95.100.86.213,192.168.1.4,QUIC,72,"Packet (Length: 72)"
2026-02-03 12:18:54.019545,23.46.86.99,192.168.1.4,TCP,66,"Packet (Length: 66)"
2026-02-03 12:18:54.174090,192.168.1.4,95.100.86.213,QUIC,71,"Packet (Length: 71)"
2026-02-03 12:18:54.372463,95.100.86.213,192.168.1.4,QUIC,72,"Packet (Length: 72)"
2026-02-03 12:18:54.438699,104.18.39.21,192.168.1.4,TLS,78,"Packet (Length: 78)"
2026-02-03 12:18:54.439097,192.168.1.4,104.18.39.21,TLS,82,"Packet (Length: 82)"
2026-02-03 12:18:54.517665,104.18.39.21,192.168.1.4,TCP,56,"Packet (Length: 56)"
2026-02-03 12:18:54.575822,192.168.1.4,95.100.86.213,QUIC,71,"Packet (Length: 71)"
2026-02-03 12:18:54.781998,95.100.86.213,192.168.1.4,QUIC,72,"Packet (Length: 72)"
2026-02-03 12:18:54.848203,204.79.197.222,192.168.1.4,TCP,54,"Packet (Length: 54)"
2026-02-03 12:18:54.986136,192.168.1.4,95.100.86.213,QUIC,71,"Packet (Length: 71)"
2026-02-03 12:18:55.189755,N/A,N/A,ARP,42,"Packet (Length: 42)"
2026-02-03 12:18:55.192379,95.100.86.213,192.168.1.4,QUIC,72,"Packet (Length: 72)"
2026-02-03 12:18:55.397836,192.168.1.4,95.100.86.213,QUIC,71,"Packet (Length: 71)"
2026-02-03 12:18:55.601229,95.100.86.213,192.168.1.4,QUIC,72,"Packet (Length: 72)"
2026-02-03 12:18:55.815386,192.168.1.4,95.100.86.213,QUIC,71,"Packet (Length: 71)"
2026-02-03 12:18:56.010683,95.100.86.213,192.168.1.4,QUIC,72,"Packet (Length: 72)"
2026-02-03 12:18:56.111618,N/A,N/A,ARP,42,"Packet (Length: 42)"
2026-02-03 12:18:56.415495,192.168.1.4,95.100.86.213,QUIC,71,"Packet (Length: 71)"
2026-02-03 12:18:56.625276,95.100.86.213,192.168.1.4,QUIC,72,"Packet (Length: 72)"
2026-02-03 12:18:56.626317,95.100.86.213,192.168.1.4,QUIC,1498,"Packet (Length: 1498)"
2026-02-03 12:18:56.665311,192.168.1.4,95.100.86.213,QUIC,74,"Packet (Length: 74)"
2026-02-03 12:18:57.427505,192.168.1.4,95.100.86.213,QUIC,71,"Packet (Length: 71)"
2026-02-03 12:18:57.546526,95.100.86.213,192.168.1.4,QUIC,70,"Packet (Length: 70)"
2026-02-03 12:18:57.556355,192.168.1.4,172.165.61.93,TLS,55,"Packet (Length: 55)"
2026-02-03 12:18:57.629339,172.165.61.93,192.168.1.4,TCP,66,"Packet (Length: 66)"
2026-02-03 12:18:59.082937,13.107.213.42,192.168.1.4,TLS,93,"Packet (Length: 93)"
2026-02-03 12:18:59.082937,13.107.213.42,192.168.1.4,TLS,78,"Packet (Length: 78)"
2026-02-03 12:18:59.083050,192.168.1.4,13.107.213.42,TCP,54,"Packet (Length: 54)"
2026-02-03 12:18:59.083629,192.168.1.4,13.107.213.42,TCP,54,"Packet (Length: 54)"
2026-02-03 12:18:59.089728,13.107.213.42,192.168.1.4,TCP,54,"Packet (Length: 54)"
2026-02-03 12:18:59.089818,192.168.1.4,13.107.213.42,TCP,54,"Packet (Length: 54)"
2026-02-03 12:18:59.140707,13.107.213.42,192.168.1.4,TCP,60,"Packet (Length: 60)"
2026-02-03 12:18:59.149957,192.168.1.4,95.100.86.213,QUIC,71,"Packet (Length: 71)"
2026-02-03 12:18:59.287308,95.100.86.213,192.168.1.4,QUIC,70,"Packet (Length: 70)"
2026-02-03 12:19:00.516100,13.107.213.42,192.168.1.4,TLS,93,"Packet (Length: 93)"
2026-02-03 12:19:00.516452,13.107.213.42,192.168.1.4,TLS,78,"Packet (Length: 78)"
2026-02-03 12:19:00.516509,192.168.1.4,13.107.213.42,TCP,54,"Packet (Length: 54)"
2026-02-03 12:19:00.516761,192.168.1.4,13.107.213.42,TCP,54,"Packet (Length: 54)"
2026-02-03 12:19:00.520284,13.107.213.42,192.168.1.4,TCP,54,"Packet (Length: 54)"
2026-02-03 12:19:00.520360,192.168.1.4,13.107.213.42,TCP,54,"Packet (Length: 54)"
2026-02-03 12:19:00.530520,13.107.213.42,192.168.1.4,TCP,54,"Packet (Length: 54)"
2026-02-03 12:19:00.530592,192.168.1.4,13.107.213.42,TCP,54,"Packet (Length: 54)"
2026-02-03 12:19:00.570738,13.107.213.42,192.168.1.4,TCP,60,"Packet (Length: 60)"
2026-02-03 12:19:02.461747,13.107.213.42,192.168.1.4,TLS,93,"Packet (Length: 93)"
2026-02-03 12:19:02.462039,13.107.213.42,192.168.1.4,TLS,78,"Packet (Length: 78)"
2026-02-03 12:19:02.462070,192.168.1.4,13.107.213.42,TCP,54,"Packet (Length: 54)"
2026-02-03 12:19:02.462152,192.168.1.4,13.107.213.42,TCP,54,"Packet (Length: 54)"
2026-02-03 12:19:02.462233,192.168.1.4,13.107.213.42,TCP,54,"Packet (Length: 54)"
2026-02-03 12:19:02.471340,13.107.213.42,192.168.1.4,TCP,54,"Packet (Length: 54)"
2026-02-03 12:19:02.496450,192.168.1.4,95.100.86.213,QUIC,71,"Packet (Length: 71)"
2026-02-03 12:19:02.521566,13.107.213.42,192.168.1.4,TCP,56,"Packet (Length: 56)"
2026-02-03 12:19:02.598651,95.100.86.213,192.168.1.4,QUIC,70,"Packet (Length: 70)"
2026-02-03 12:19:02.769214,13.107.213.42,192.168.1.4,TLS,93,"Packet (Length: 93)"
2026-02-03 12:19:02.769214,13.107.213.42,192.168.1.4,TLS,78,"Packet (Length: 78)"
2026-02-03 12:19:02.769319,192.168.1.4,13.107.213.42,TCP,54,"Packet (Length: 54)"
2026-02-03 12:19:02.769896,192.168.1.4,13.107.213.42,TCP,54,"Packet (Length: 54)"
2026-02-03 12:19:02.771434,13.107.213.42,192.168.1.4,TCP,54,"Packet (Length: 54)"
2026-02-03 12:19:02.771537,192.168.1.4,13.107.213.42,TCP,54,"Packet (Length: 54)"
2026-02-03 12:19:02.823519,13.107.213.42,192.168.1.4,TCP,60,"Packet (Length: 60)"
2026-02-03 12:19:02.955215,192.168.1.4,216.58.215.164,DATA,71,"Packet (Length: 71)"
2026-02-03 12:19:03.139638,192.168.1.4,13.107.213.42,TCP,54,"Packet (Length: 54)"
2026-02-03 12:19:03.156474,192.168.1.4,216.58.215.164,DATA,71,"Packet (Length: 71)"
2026-02-03 12:19:03.529068,192.168.1.4,216.58.215.164,DATA,71,"Packet (Length: 71)"
2026-02-03 12:19:03.581607,13.107.213.42,192.168.1.4,TCP,54,"Packet (Length: 54)"
2026-02-03 12:19:03.581607,216.58.215.164,192.168.1.4,DATA,69,"Packet (Length: 69)"
2026-02-03 12:19:03.581607,216.58.215.164,192.168.1.4,DATA,71,"Packet (Length: 71)"
2026-02-03 12:19:03.895032,N/A,N/A,ARP,42,"Packet (Length: 42)"
2026-02-03 12:19:04.063571,192.168.1.4,13.107.213.42,TLS,55,"Packet (Length: 55)"
2026-02-03 12:19:04.122044,13.107.213.42,192.168.1.4,TCP,54,"Packet (Length: 54)"
2026-02-03 12:19:06.767135,150.171.29.11,192.168.1.4,TCP,54,"Packet (Length: 54)"
2026-02-03 12:19:06.770861,150.171.30.11,192.168.1.4,TCP,54,"Packet (Length: 54)"
2026-02-03 12:19:07.582186,N/A,N/A,ICMPV6,86,"Packet (Length: 86)"
2026-02-03 12:19:07.614883,192.168.1.4,142.251.209.106,TLS,55,"Packet (Length: 55)"
2026-02-03 12:19:07.701446,N/A,N/A,ARP,42,"Packet (Length: 42)"
2026-02-03 12:19:07.703454,142.251.209.106,192.168.1.4,TCP,70,"Packet (Length: 70)"
2026-02-03 12:19:07.704739,N/A,N/A,ARP,46,"Packet (Length: 46)"
2026-02-03 12:19:07.904589,192.168.1.4,216.58.215.150,TLS,55,"Packet (Length: 55)"
2026-02-03 12:19:07.964639,216.58.215.150,192.168.1.4,TCP,66,"Packet (Length: 66)"
2026-02-03 12:19:08.476653,192.168.1.4,216.58.215.150,TLS,55,"Packet (Length: 55)"
2026-02-03 12:19:08.534650,216.58.215.150,192.168.1.4,TCP,66,"Packet (Length: 66)"
2026-02-03 12:19:08.689774,192.168.1.4,142.250.200.142,TLS,55,"Packet (Length: 55)"
2026-02-03 12:19:08.744464,142.250.200.142,192.168.1.4,TCP,66,"Packet (Length: 66)"
2026-02-03 12:19:09.002827,192.168.1.4,95.100.86.213,QUIC,71,"Packet (Length: 71)"
2026-02-03 12:19:09.118144,95.100.86.213,192.168.1.4,QUIC,70,"Packet (Length: 70)"
2026-02-03 12:19:09.685834,192.168.1.4,142.251.168.84,TLS,55,"Packet (Length: 55)"
2026-02-03 12:19:09.764868,142.251.168.84,192.168.1.4,TCP,70,"Packet (Length: 70)"
2026-02-03 12:19:13.520748,N/A,N/A,ARP,42,"Packet (Length: 42)"
2026-02-03 12:19:13.726255,95.100.86.213,192.168.1.4,QUIC,77,"Packet (Length: 77)"
2026-02-03 12:19:13.760544,192.168.1.4,95.100.86.213,QUIC,74,"Packet (Length: 74)"
2026-02-03 12:19:13.932885,192.168.1.4,95.100.86.213,QUIC,71,"Packet (Length: 71)"
2026-02-03 12:19:13.936608,20.190.177.82,192.168.1.4,TCP,54,"Packet (Length: 54)"
2026-02-03 12:19:14.036127,95.100.86.213,192.168.1.4,QUIC,70,"Packet (Length: 70)"
2026-02-03 12:19:14.244096,192.168.1.4,95.100.86.213,QUIC,71,"Packet (Length: 71)"
2026-02-03 12:19:14.442999,95.100.86.213,192.168.1.4,QUIC,70,"Packet (Length: 70)"
2026-02-03 12:19:14.445840,104.18.39.21,192.168.1.4,TLS,78,"Packet (Length: 78)"
2026-02-03 12:19:14.446440,192.168.1.4,104.18.39.21,TLS,82,"Packet (Length: 82)"
2026-02-03 12:19:14.453065,95.100.86.213,192.168.1.4,QUIC,70,"Packet (Length: 70)"
2026-02-03 12:19:14.490631,192.168.1.4,95.100.86.213,QUIC,74,"Packet (Length: 74)"
2026-02-03 12:19:14.527022,104.18.39.21,192.168.1.4,TCP,56,"Packet (Length: 56)"
2026-02-03 12:19:14.543874,N/A,N/A,ARP,42,"Packet (Length: 42)"
2026-02-03 12:19:14.651138,192.168.1.4,95.100.86.213,QUIC,71,"Packet (Length: 71)"
2026-02-03 12:19:14.898794,192.168.1.4,95.100.86.213,QUIC,71,"Packet (Length: 71)"
2026-02-03 12:19:14.901615,95.100.86.213,192.168.1.4,QUIC,70,"Packet (Length: 70)"
2026-02-03 12:19:14.977398,95.100.86.213,192.168.1.4,QUIC,71,"Packet (Length: 71)"
2026-02-03 12:19:15.189819,192.168.1.4,95.100.86.213,QUIC,71,"Packet (Length: 71)"
2026-02-03 12:19:15.269477,95.100.86.213,192.168.1.4,QUIC,71,"Packet (Length: 71)"
2026-02-03 12:19:15.477105,192.168.1.4,95.100.86.213,QUIC,71,"Packet (Length: 71)"
2026-02-03 12:19:15.556096,95.100.86.213,192.168.1.4,QUIC,71,"Packet (Length: 71)"
2026-02-03 12:19:15.758571,192.168.1.4,95.100.86.213,QUIC,71,"Packet (Length: 71)"
2026-02-03 12:19:15.846652,95.100.86.213,192.168.1.4,QUIC,71,"Packet (Length: 71)"
2026-02-03 12:19:16.052856,192.168.1.4,95.100.86.213,QUIC,71,"Packet (Length: 71)"
2026-02-03 12:19:16.156466,95.100.86.213,192.168.1.4,QUIC,72,"Packet (Length: 72)"
2026-02-03 12:19:16.372534,192.168.1.4,95.100.86.213,QUIC,71,"Packet (Length: 71)"
2026-02-03 12:19:16.488809,192.168.1.4,142.250.200.130,TCP,55,"Packet (Length: 55)"
2026-02-03 12:19:16.490770,95.100.86.213,192.168.1.4,QUIC,72,"Packet (Length: 72)"
2026-02-03 12:19:16.582765,142.250.200.130,192.168.1.4,TCP,66,"Packet (Length: 66)"
2026-02-03 12:19:16.607245,20.190.177.82,192.168.1.4,TCP,54,"Packet (Length: 54)"
2026-02-03 12:19:16.901625,192.168.1.4,95.100.86.213,QUIC,71,"Packet (Length: 71)"
2026-02-03 12:19:17.105189,95.100.86.213,192.168.1.4,QUIC,72,"Packet (Length: 72)"
2026-02-03 12:19:17.919177,192.168.1.4,95.100.86.213,QUIC,71,"Packet (Length: 71)"
2026-02-03 12:19:18.129127,95.100.86.213,192.168.1.4,QUIC,72,"Packet (Length: 72)"
2026-02-03 12:19:19.740418,192.168.1.4,95.100.86.213,QUIC,71,"Packet (Length: 71)"
2026-02-03 12:19:19.869974,95.100.86.213,192.168.1.4,QUIC,72,"Packet (Length: 72)"
2026-02-03 12:19:20.247087,192.168.1.4,192.168.1.1,DNS,92,"Packet (Length: 92)"
2026-02-03 12:19:20.277620,192.168.1.4,192.168.1.1,DNS,92,"Packet (Length: 92)"
2026-02-03 12:19:20.291863,192.168.1.1,192.168.1.4,DNS,221,"Packet (Length: 221)"
2026-02-03 12:19:20.297721,192.168.1.4,172.178.240.163,TCP,74,"Packet (Length: 74)"
2026-02-03 12:19:20.484764,172.178.240.163,192.168.1.4,TCP,74,"Packet (Length: 74)"
2026-02-03 12:19:20.484960,192.168.1.4,172.178.240.163,TCP,66,"Packet (Length: 66)"
2026-02-03 12:19:20.488875,192.168.1.4,172.178.240.163,TLS,281,"Packet (Length: 281)"
2026-02-03 12:19:20.690922,172.178.240.163,192.168.1.4,TLS,1466,"Packet (Length: 1466)"
2026-02-03 12:19:20.693626,172.178.240.163,192.168.1.4,TCP,1466,"Packet (Length: 1466)"
2026-02-03 12:19:20.693646,192.168.1.4,172.178.240.163,TCP,66,"Packet (Length: 66)"
2026-02-03 12:19:20.802489,192.168.1.4,142.250.185.10,TCP,54,"Packet (Length: 54)"
2026-02-03 12:19:20.998477,172.178.240.163,192.168.1.4,TCP,1466,"Packet (Length: 1466)"
2026-02-03 12:19:20.998992,172.178.240.163,192.168.1.4,TLS,383,"Packet (Length: 383)"
2026-02-03 12:19:20.999063,192.168.1.4,172.178.240.163,TCP,66,"Packet (Length: 66)"
2026-02-03 12:19:21.003929,192.168.1.4,172.178.240.163,TLS,224,"Packet (Length: 224)"
2026-02-03 12:19:21.201248,172.178.240.163,192.168.1.4,TLS,117,"Packet (Length: 117)"
2026-02-03 12:19:21.250583,192.168.1.4,172.178.240.163,TLS,1466,"Packet (Length: 1466)"
2026-02-03 12:19:21.250583,192.168.1.4,172.178.240.163,TLS,88,"Packet (Length: 88)"
2026-02-03 12:19:21.253035,192.168.1.4,172.178.240.163,TLS,1466,"Packet (Length: 1466)"
2026-02-03 12:19:21.302204,N/A,N/A,ARP,42,"Packet (Length: 42)"
2026-02-03 12:19:21.510035,172.178.240.163,192.168.1.4,TCP,66,"Packet (Length: 66)"
2026-02-03 12:19:21.510035,172.178.240.163,192.168.1.4,TCP,66,"Packet (Length: 66)"
2026-02-03 12:19:21.510132,192.168.1.4,172.178.240.163,TCP,1466,"Packet (Length: 1466)"
2026-02-03 12:19:21.510132,192.168.1.4,172.178.240.163,TLS,1466,"Packet (Length: 1466)"
2026-02-03 12:19:21.510132,192.168.1.4,172.178.240.163,TCP,1466,"Packet (Length: 1466)"
2026-02-03 12:19:21.819773,172.178.240.163,192.168.1.4,TCP,66,"Packet (Length: 66)"
2026-02-03 12:19:21.819848,192.168.1.4,172.178.240.163,TCP,1466,"Packet (Length: 1466)"
2026-02-03 12:19:21.819848,192.168.1.4,172.178.240.163,TLS,1466,"Packet (Length: 1466)"
2026-02-03 12:19:21.819848,192.168.1.4,172.178.240.163,TLS,601,"Packet (Length: 601)"
2026-02-03 12:19:21.820247,150.171.30.11,192.168.1.4,TCP,54,"Packet (Length: 54)"
2026-02-03 12:19:21.820719,172.178.240.163,192.168.1.4,TCP,66,"Packet (Length: 66)"
2026-02-03 12:19:22.124386,172.178.240.163,192.168.1.4,TLS,1065,"Packet (Length: 1065)"
2026-02-03 12:19:22.128201,192.168.1.4,172.178.240.163,TCP,66,"Packet (Length: 66)"
2026-02-03 12:19:22.129867,172.178.240.163,192.168.1.4,TCP,66,"Packet (Length: 66)"
2026-02-03 12:19:22.129919,192.168.1.4,172.178.240.163,TCP,66,"Packet (Length: 66)"
2026-02-03 12:19:22.130399,172.178.240.163,192.168.1.4,TCP,66,"Packet (Length: 66)"
2026-02-03 12:19:22.130447,192.168.1.4,172.178.240.163,TCP,66,"Packet (Length: 66)"
2026-02-03 12:19:22.223666,N/A,N/A,ARP,42,"Packet (Length: 42)"
2026-02-03 12:19:22.329826,172.178.240.163,192.168.1.4,TCP,66,"Packet (Length: 66)"
2026-02-03 12:19:22.329881,192.168.1.4,172.178.240.163,TCP,66,"Packet (Length: 66)"
2026-02-03 12:19:23.078143,192.168.1.4,95.100.86.213,QUIC,71,"Packet (Length: 71)"
2026-02-03 12:19:23.248325,N/A,N/A,ARP,42,"Packet (Length: 42)"
2026-02-03 12:19:23.250419,95.100.86.213,192.168.1.4,QUIC,72,"Packet (Length: 72)"
2026-02-03 12:19:23.321699,192.168.1.4,172.217.20.225,TCP,55,"Packet (Length: 55)"
2026-02-03 12:19:23.380485,172.217.20.225,192.168.1.4,TCP,66,"Packet (Length: 66)"
2026-02-03 12:19:23.411066,N/A,N/A,ICMPV6,70,"Packet (Length: 70)"
2026-02-03 12:19:23.659916,95.100.86.213,192.168.1.4,QUIC,114,"Packet (Length: 114)"
2026-02-03 12:19:23.721944,192.168.1.4,192.168.1.1,DNS,72,"Packet (Length: 72)"
2026-02-03 12:19:23.722496,192.168.1.4,192.168.1.1,DNS,72,"Packet (Length: 72)"
2026-02-03 12:19:23.759526,192.168.1.1,192.168.1.4,DNS,277,"Packet (Length: 277)"
2026-02-03 12:19:23.768020,192.168.1.1,192.168.1.4,DNS,263,"Packet (Length: 263)"
2026-02-03 12:19:23.771964,192.168.1.4,95.100.86.213,QUIC,1292,"Packet (Length: 1292)"
2026-02-03 12:19:23.772205,192.168.1.4,95.100.86.213,QUIC,1292,"Packet (Length: 1292)"
2026-02-03 12:19:23.834476,23.46.86.99,192.168.1.4,TLS,78,"Packet (Length: 78)"
2026-02-03 12:19:23.835145,192.168.1.4,23.46.86.99,TCP,54,"Packet (Length: 54)"
2026-02-03 12:19:23.841944,23.46.86.99,192.168.1.4,TCP,54,"Packet (Length: 54)"
2026-02-03 12:19:23.842033,192.168.1.4,23.46.86.99,TCP,54,"Packet (Length: 54)"
2026-02-03 12:19:23.871469,95.100.86.213,192.168.1.4,QUIC,86,"Packet (Length: 86)"
2026-02-03 12:19:23.873431,95.100.86.213,192.168.1.4,QUIC,1296,"Packet (Length: 1296)"
2026-02-03 12:19:23.875273,95.100.86.213,192.168.1.4,QUIC,1296,"Packet (Length: 1296)"
2026-02-03 12:19:23.876441,95.100.86.213,192.168.1.4,QUIC,308,"Packet (Length: 308)"
2026-02-03 12:19:23.877494,192.168.1.4,95.100.86.213,QUIC,1292,"Packet (Length: 1292)"
2026-02-03 12:19:23.877681,192.168.1.4,95.100.86.213,QUIC,112,"Packet (Length: 112)"
2026-02-03 12:19:23.910984,23.46.86.99,192.168.1.4,TCP,56,"Packet (Length: 56)"
2026-02-03 12:19:23.911105,192.168.1.4,95.100.109.103,TCP,54,"Packet (Length: 54)"
2026-02-03 12:19:23.911417,192.168.1.4,95.100.109.70,TCP,54,"Packet (Length: 54)"
2026-02-03 12:19:23.964214,95.100.86.213,192.168.1.4,QUIC,349,"Packet (Length: 349)"
2026-02-03 12:19:23.964508,95.100.86.213,192.168.1.4,QUIC,105,"Packet (Length: 105)"
2026-02-03 12:19:23.965083,192.168.1.4,95.100.86.213,QUIC,73,"Packet (Length: 73)"
2026-02-03 12:19:23.965401,95.100.86.213,192.168.1.4,QUIC,67,"Packet (Length: 67)"
2026-02-03 12:19:23.965401,95.100.86.213,192.168.1.4,QUIC,116,"Packet (Length: 116)"
2026-02-03 12:19:23.965401,95.100.86.213,192.168.1.4,QUIC,71,"Packet (Length: 71)"
2026-02-03 12:19:23.965711,192.168.1.4,95.100.86.213,QUIC,73,"Packet (Length: 73)"
2026-02-03 12:19:23.990011,95.100.109.70,192.168.1.4,TLS,82,"Packet (Length: 82)"
2026-02-03 12:19:23.990125,192.168.1.4,95.100.109.70,TCP,54,"Packet (Length: 54)"
2026-02-03 12:19:23.990826,95.100.109.70,192.168.1.4,TCP,58,"Packet (Length: 58)"
2026-02-03 12:19:23.991962,95.100.109.103,192.168.1.4,TLS,82,"Packet (Length: 82)"
2026-02-03 12:19:23.992063,192.168.1.4,95.100.109.103,TCP,54,"Packet (Length: 54)"
2026-02-03 12:19:24.001267,95.100.109.103,192.168.1.4,TCP,58,"Packet (Length: 58)"
2026-02-03 12:19:24.167565,192.168.1.4,95.100.86.213,QUIC,71,"Packet (Length: 71)"
2026-02-03 12:19:24.243589,95.100.86.213,192.168.1.4,QUIC,71,"Packet (Length: 71)"
2026-02-03 12:19:24.452484,192.168.1.4,95.100.86.213,QUIC,71,"Packet (Length: 71)"
2026-02-03 12:19:24.553121,95.100.86.213,192.168.1.4,QUIC,72,"Packet (Length: 72)"
2026-02-03 12:19:24.765063,192.168.1.4,95.100.86.213,QUIC,71,"Packet (Length: 71)"
2026-02-03 12:19:24.865443,95.100.86.213,192.168.1.4,QUIC,72,"Packet (Length: 72)"
2026-02-03 12:19:25.071425,192.168.1.4,95.100.86.213,QUIC,71,"Packet (Length: 71)"
2026-02-03 12:19:25.194828,95.100.86.213,192.168.1.4,QUIC,72,"Packet (Length: 72)"
2026-02-03 12:19:25.410620,192.168.1.4,95.100.86.213,QUIC,71,"Packet (Length: 71)"
2026-02-03 12:19:25.574452,192.168.1.4,95.100.86.213,QUIC,71,"Packet (Length: 71)"
2026-02-03 12:19:25.598247,95.100.86.213,192.168.1.4,QUIC,72,"Packet (Length: 72)"
2026-02-03 12:19:25.650384,95.100.86.213,192.168.1.4,QUIC,73,"Packet (Length: 73)"
2026-02-03 12:19:25.857139,192.168.1.4,95.100.86.213,QUIC,71,"Packet (Length: 71)"
2026-02-03 12:19:25.934330,95.100.86.213,192.168.1.4,QUIC,73,"Packet (Length: 73)"
2026-02-03 12:19:25.936706,95.100.86.213,192.168.1.4,QUIC,1498,"Packet (Length: 1498)"
2026-02-03 12:19:25.968334,192.168.1.4,95.100.86.213,QUIC,74,"Packet (Length: 74)"
2026-02-03 12:19:26.340634,192.168.1.4,95.100.86.213,QUIC,71,"Packet (Length: 71)"
2026-02-03 12:19:26.442182,95.100.86.213,192.168.1.4,QUIC,70,"Packet (Length: 70)"
2026-02-03 12:19:26.935757,192.168.1.4,64.233.167.188,DATA,55,"Packet (Length: 55)"
2026-02-03 12:19:27.012350,64.233.167.188,192.168.1.4,TCP,70,"Packet (Length: 70)"
2026-02-03 12:19:27.245548,192.168.1.4,95.100.86.213,QUIC,71,"Packet (Length: 71)"
2026-02-03 12:19:27.347722,95.100.86.213,192.168.1.4,QUIC,70,"Packet (Length: 70)"
2026-02-03 12:19:28.824753,192.168.1.4,142.250.185.6,TCP,55,"Packet (Length: 55)"
2026-02-03 12:19:28.883509,142.250.185.6,192.168.1.4,TCP,66,"Packet (Length: 66)"
2026-02-03 12:19:28.960730,192.168.1.4,95.100.86.213,QUIC,71,"Packet (Length: 71)"
2026-02-03 12:19:29.060497,95.100.86.213,192.168.1.4,QUIC,70,"Packet (Length: 70)"
2026-02-03 12:19:29.911592,192.168.1.4,40.126.53.17,TCP,55,"Packet (Length: 55)"
2026-02-03 12:19:29.965845,192.168.1.4,216.58.215.164,DATA,71,"Packet (Length: 71)"
2026-02-03 12:19:30.019040,216.58.215.164,192.168.1.4,DATA,71,"Packet (Length: 71)"
2026-02-03 12:19:30.875159,192.168.1.4,40.126.53.17,TCP,55,"Packet (Length: 55)"
2026-02-03 12:19:32.265534,192.168.1.4,95.100.86.213,QUIC,71,"Packet (Length: 71)"
2026-02-03 12:19:32.364983,95.100.86.213,192.168.1.4,QUIC,70,"Packet (Length: 70)"
2026-02-03 12:19:32.389452,192.168.1.4,142.250.185.3,TCP,55,"Packet (Length: 55)"
2026-02-03 12:19:32.444838,142.250.185.3,192.168.1.4,TCP,66,"Packet (Length: 66)"
2026-02-03 12:19:34.515035,104.18.39.21,192.168.1.4,TLS,78,"Packet (Length: 78)"
2026-02-03 12:19:34.515634,192.168.1.4,104.18.39.21,TLS,82,"Packet (Length: 82)"
2026-02-03 12:19:34.597115,104.18.39.21,192.168.1.4,TCP,56,"Packet (Length: 56)"
2026-02-03 12:19:38.711100,N/A,N/A,ARP,42,"Packet (Length: 42)"
2026-02-03 12:19:38.766316,192.168.1.4,95.100.86.213,QUIC,71,"Packet (Length: 71)"
2026-02-03 12:19:38.929773,192.168.1.4,95.100.86.213,QUIC,71,"Packet (Length: 71)"
2026-02-03 12:19:38.935383,95.100.86.213,192.168.1.4,QUIC,70,"Packet (Length: 70)"
2026-02-03 12:19:39.007957,95.100.86.213,192.168.1.4,QUIC,71,"Packet (Length: 71)"
2026-02-03 12:19:39.632555,N/A,N/A,ARP,42,"Packet (Length: 42)"
2026-02-03 12:19:40.636237,192.168.1.4,192.168.1.1,DNS,79,"Packet (Length: 79)"
2026-02-03 12:19:40.637068,192.168.1.4,192.168.1.1,DNS,79,"Packet (Length: 79)"
2026-02-03 12:19:40.656168,N/A,N/A,ARP,42,"Packet (Length: 42)"
2026-02-03 12:19:40.685662,192.168.1.1,192.168.1.4,DNS,163,"Packet (Length: 163)"
2026-02-03 12:19:40.692548,192.168.1.1,192.168.1.4,DNS,129,"Packet (Length: 129)"
2026-02-03 12:19:40.695987,192.168.1.4,216.58.215.142,QUIC,1292,"Packet (Length: 1292)"
2026-02-03 12:19:40.696243,192.168.1.4,216.58.215.142,QUIC,1292,"Packet (Length: 1292)"
2026-02-03 12:19:40.700149,192.168.1.4,216.58.215.142,QUIC,118,"Packet (Length: 118)"
2026-02-03 12:19:40.757814,216.58.215.142,192.168.1.4,QUIC,82,"Packet (Length: 82)"
2026-02-03 12:19:40.769301,216.58.215.142,192.168.1.4,QUIC,1292,"Packet (Length: 1292)"
2026-02-03 12:19:40.786536,192.168.1.4,192.168.1.1,DNS,89,"Packet (Length: 89)"
2026-02-03 12:19:40.787128,192.168.1.4,192.168.1.1,DNS,89,"Packet (Length: 89)"
2026-02-03 12:19:40.788616,216.58.215.142,192.168.1.4,QUIC,1292,"Packet (Length: 1292)"
2026-02-03 12:19:40.789115,216.58.215.142,192.168.1.4,QUIC,323,"Packet (Length: 323)"
2026-02-03 12:19:40.790391,192.168.1.4,216.58.215.142,QUIC,1292,"Packet (Length: 1292)"
2026-02-03 12:19:40.790888,216.58.215.142,192.168.1.4,QUIC,994,"Packet (Length: 994)"
2026-02-03 12:19:40.791452,192.168.1.4,216.58.215.142,QUIC,1288,"Packet (Length: 1288)"
2026-02-03 12:19:40.791621,192.168.1.4,216.58.215.142,QUIC,1292,"Packet (Length: 1292)"
2026-02-03 12:19:40.791745,192.168.1.4,216.58.215.142,QUIC,1292,"Packet (Length: 1292)"
2026-02-03 12:19:40.791859,192.168.1.4,216.58.215.142,QUIC,1292,"Packet (Length: 1292)"
2026-02-03 12:19:40.791976,192.168.1.4,216.58.215.142,QUIC,741,"Packet (Length: 741)"
2026-02-03 12:19:40.793788,216.58.215.142,192.168.1.4,QUIC,67,"Packet (Length: 67)"
2026-02-03 12:19:40.826268,192.168.1.4,216.58.215.142,QUIC,75,"Packet (Length: 75)"
2026-02-03 12:19:40.849228,216.58.215.142,192.168.1.4,QUIC,162,"Packet (Length: 162)"
2026-02-03 12:19:40.850691,192.168.1.1,192.168.1.4,DNS,149,"Packet (Length: 149)"
2026-02-03 12:19:40.861217,216.58.215.142,192.168.1.4,QUIC,71,"Packet (Length: 71)"
2026-02-03 12:19:40.861873,192.168.1.4,216.58.215.142,QUIC,73,"Packet (Length: 73)"
2026-02-03 12:19:40.875833,216.58.215.142,192.168.1.4,QUIC,67,"Packet (Length: 67)"
2026-02-03 12:19:40.885230,216.58.215.142,192.168.1.4,QUIC,67,"Packet (Length: 67)"
2026-02-03 12:19:40.897763,216.58.215.142,192.168.1.4,QUIC,67,"Packet (Length: 67)"
2026-02-03 12:19:40.898690,192.168.1.1,192.168.1.4,DNS,105,"Packet (Length: 105)"
2026-02-03 12:19:40.901837,192.168.1.4,142.251.208.227,QUIC,1292,"Packet (Length: 1292)"
2026-02-03 12:19:40.902054,192.168.1.4,142.251.208.227,QUIC,1292,"Packet (Length: 1292)"
2026-02-03 12:19:40.906080,192.168.1.4,142.251.208.227,QUIC,123,"Packet (Length: 123)"
2026-02-03 12:19:40.928019,216.58.215.142,192.168.1.4,QUIC,704,"Packet (Length: 704)"
2026-02-03 12:19:40.966475,192.168.1.4,216.58.215.142,QUIC,78,"Packet (Length: 78)"
2026-02-03 12:19:40.987864,142.251.208.227,192.168.1.4,QUIC,86,"Packet (Length: 86)"
2026-02-03 12:19:41.000057,142.251.208.227,192.168.1.4,QUIC,1296,"Packet (Length: 1296)"
2026-02-03 12:19:41.015569,142.251.208.227,192.168.1.4,QUIC,1296,"Packet (Length: 1296)"
2026-02-03 12:19:41.015569,142.251.208.227,192.168.1.4,QUIC,328,"Packet (Length: 328)"
2026-02-03 12:19:41.015981,142.251.208.227,192.168.1.4,QUIC,1014,"Packet (Length: 1014)"
2026-02-03 12:19:41.015981,142.251.208.227,192.168.1.4,QUIC,73,"Packet (Length: 73)"
2026-02-03 12:19:41.017504,192.168.1.4,142.251.208.227,QUIC,1292,"Packet (Length: 1292)"
2026-02-03 12:19:41.017897,192.168.1.4,142.251.208.227,QUIC,73,"Packet (Length: 73)"
2026-02-03 12:19:41.018806,192.168.1.4,142.251.208.227,QUIC,1288,"Packet (Length: 1288)"
2026-02-03 12:19:41.018970,192.168.1.4,142.251.208.227,QUIC,1292,"Packet (Length: 1292)"
2026-02-03 12:19:41.019093,192.168.1.4,142.251.208.227,QUIC,1292,"Packet (Length: 1292)"
2026-02-03 12:19:41.019214,192.168.1.4,142.251.208.227,QUIC,1292,"Packet (Length: 1292)"
2026-02-03 12:19:41.019336,192.168.1.4,142.251.208.227,QUIC,1292,"Packet (Length: 1292)"
2026-02-03 12:19:41.019511,192.168.1.4,142.251.208.227,QUIC,1292,"Packet (Length: 1292)"
2026-02-03 12:19:41.019635,192.168.1.4,142.251.208.227,QUIC,1292,"Packet (Length: 1292)"
2026-02-03 12:19:41.019761,192.168.1.4,142.251.208.227,QUIC,1292,"Packet (Length: 1292)"
2026-02-03 12:19:41.028816,142.251.208.227,192.168.1.4,QUIC,70,"Packet (Length: 70)"
2026-02-03 12:19:41.029478,192.168.1.4,142.251.208.227,QUIC,1292,"Packet (Length: 1292)"
2026-02-03 12:19:41.029740,192.168.1.4,142.251.208.227,QUIC,1292,"Packet (Length: 1292)"
2026-02-03 12:19:41.029870,192.168.1.4,142.251.208.227,QUIC,1292,"Packet (Length: 1292)"
2026-02-03 12:19:41.029983,192.168.1.4,142.251.208.227,QUIC,1292,"Packet (Length: 1292)"
2026-02-03 12:19:41.030118,192.168.1.4,142.251.208.227,QUIC,1292,"Packet (Length: 1292)"
2026-02-03 12:19:41.030374,192.168.1.4,142.251.208.227,QUIC,1292,"Packet (Length: 1292)"
2026-02-03 12:19:41.030500,192.168.1.4,142.251.208.227,QUIC,1292,"Packet (Length: 1292)"
2026-02-03 12:19:41.030635,192.168.1.4,142.251.208.227,QUIC,1292,"Packet (Length: 1292)"
2026-02-03 12:19:41.030777,192.168.1.4,142.251.208.227,QUIC,1292,"Packet (Length: 1292)"
2026-02-03 12:19:41.030914,192.168.1.4,142.251.208.227,QUIC,1292,"Packet (Length: 1292)"
2026-02-03 12:19:41.037756,216.58.215.142,192.168.1.4,QUIC,66,"Packet (Length: 66)"
2026-02-03 12:19:41.038392,192.168.1.4,142.251.208.227,QUIC,1292,"Packet (Length: 1292)"
2026-02-03 12:19:41.038578,192.168.1.4,142.251.208.227,QUIC,1292,"Packet (Length: 1292)"
2026-02-03 12:19:41.038704,192.168.1.4,142.251.208.227,QUIC,1292,"Packet (Length: 1292)"
2026-02-03 12:19:41.038845,192.168.1.4,142.251.208.227,QUIC,1292,"Packet (Length: 1292)"
2026-02-03 12:19:41.039029,192.168.1.4,142.251.208.227,QUIC,1292,"Packet (Length: 1292)"
2026-02-03 12:19:41.039154,192.168.1.4,142.251.208.227,QUIC,1292,"Packet (Length: 1292)"
2026-02-03 12:19:41.052671,192.168.1.4,142.251.208.227,QUIC,1292,"Packet (Length: 1292)"
2026-02-03 12:19:41.052781,192.168.1.4,142.251.208.227,QUIC,1292,"Packet (Length: 1292)"
2026-02-03 12:19:41.052845,192.168.1.4,142.251.208.227,QUIC,1292,"Packet (Length: 1292)"
2026-02-03 12:19:41.052908,192.168.1.4,142.251.208.227,QUIC,1292,"Packet (Length: 1292)"
2026-02-03 12:19:41.052968,192.168.1.4,142.251.208.227,QUIC,1292,"Packet (Length: 1292)"
2026-02-03 12:19:41.053037,192.168.1.4,142.251.208.227,QUIC,1292,"Packet (Length: 1292)"
2026-02-03 12:19:41.053106,192.168.1.4,142.251.208.227,QUIC,1292,"Packet (Length: 1292)"
2026-02-03 12:19:41.053177,192.168.1.4,142.251.208.227,QUIC,1292,"Packet (Length: 1292)"
2026-02-03 12:19:41.053245,192.168.1.4,142.251.208.227,QUIC,1292,"Packet (Length: 1292)"
2026-02-03 12:19:41.053313,192.168.1.4,142.251.208.227,QUIC,1292,"Packet (Length: 1292)"
2026-02-03 12:19:41.053383,192.168.1.4,142.251.208.227,QUIC,1292,"Packet (Length: 1292)"
2026-02-03 12:19:41.053460,192.168.1.4,142.251.208.227,QUIC,1292,"Packet (Length: 1292)"
2026-02-03 12:19:41.060958,192.168.1.4,142.251.208.227,QUIC,1292,"Packet (Length: 1292)"
2026-02-03 12:19:41.061184,192.168.1.4,142.251.208.227,QUIC,1292,"Packet (Length: 1292)"
2026-02-03 12:19:41.101735,142.251.208.227,192.168.1.4,QUIC,166,"Packet (Length: 166)"
2026-02-03 12:19:41.116399,142.251.208.227,192.168.1.4,QUIC,75,"Packet (Length: 75)"
2026-02-03 12:19:41.117098,192.168.1.4,142.251.208.227,QUIC,1292,"Packet (Length: 1292)"
2026-02-03 12:19:41.117315,192.168.1.4,142.251.208.227,QUIC,1292,"Packet (Length: 1292)"
2026-02-03 12:19:41.126230,142.251.208.227,192.168.1.4,QUIC,71,"Packet (Length: 71)"
2026-02-03 12:19:41.126973,192.168.1.4,142.251.208.227,QUIC,356,"Packet (Length: 356)"
2026-02-03 12:19:41.139518,142.251.208.227,192.168.1.4,QUIC,71,"Packet (Length: 71)"
2026-02-03 12:19:41.162759,142.251.208.227,192.168.1.4,QUIC,71,"Packet (Length: 71)"
2026-02-03 12:19:41.188355,142.251.208.227,192.168.1.4,QUIC,71,"Packet (Length: 71)"
2026-02-03 12:19:41.208289,142.251.208.227,192.168.1.4,QUIC,71,"Packet (Length: 71)"
2026-02-03 12:19:41.232259,142.251.208.227,192.168.1.4,QUIC,71,"Packet (Length: 71)"
2026-02-03 12:19:41.254497,142.251.208.227,192.168.1.4,QUIC,71,"Packet (Length: 71)"
2026-02-03 12:19:41.259604,142.251.208.227,192.168.1.4,QUIC,166,"Packet (Length: 166)"
2026-02-03 12:19:41.260116,192.168.1.4,142.251.208.227,QUIC,75,"Packet (Length: 75)"
2026-02-03 12:19:41.277328,142.251.208.227,192.168.1.4,QUIC,71,"Packet (Length: 71)"
2026-02-03 12:19:41.302102,142.251.208.227,192.168.1.4,QUIC,71,"Packet (Length: 71)"
2026-02-03 12:19:41.324936,142.251.208.227,192.168.1.4,QUIC,71,"Packet (Length: 71)"
2026-02-03 12:19:41.346836,142.251.208.227,192.168.1.4,QUIC,71,"Packet (Length: 71)"
2026-02-03 12:19:41.371531,142.251.208.227,192.168.1.4,QUIC,71,"Packet (Length: 71)"
2026-02-03 12:19:41.394307,142.251.208.227,192.168.1.4,QUIC,71,"Packet (Length: 71)"
2026-02-03 12:19:41.418397,142.251.208.227,192.168.1.4,QUIC,71,"Packet (Length: 71)"
2026-02-03 12:19:41.442373,142.251.208.227,192.168.1.4,QUIC,71,"Packet (Length: 71)"
2026-02-03 12:19:41.464601,142.251.208.227,192.168.1.4,QUIC,71,"Packet (Length: 71)"
2026-02-03 12:19:41.487904,142.251.208.227,192.168.1.4,QUIC,71,"Packet (Length: 71)"
2026-02-03 12:19:41.510774,142.251.208.227,192.168.1.4,QUIC,71,"Packet (Length: 71)"
2026-02-03 12:19:41.533279,142.251.208.227,192.168.1.4,QUIC,71,"Packet (Length: 71)"
2026-02-03 12:19:41.558004,142.251.208.227,192.168.1.4,QUIC,69,"Packet (Length: 69)"
2026-02-03 12:19:41.572259,142.251.208.227,192.168.1.4,QUIC,69,"Packet (Length: 69)"
2026-02-03 12:19:41.601068,142.251.208.227,192.168.1.4,QUIC,709,"Packet (Length: 709)"
2026-02-03 12:19:41.640674,192.168.1.4,142.251.208.227,QUIC,80,"Packet (Length: 80)"
2026-02-03 12:19:41.739549,142.251.208.227,192.168.1.4,QUIC,70,"Packet (Length: 70)"
2026-02-03 12:19:41.798394,172.165.61.93,192.168.1.4,TLS,93,"Packet (Length: 93)"
2026-02-03 12:19:41.798394,172.165.61.93,192.168.1.4,TLS,78,"Packet (Length: 78)"
2026-02-03 12:19:41.798586,192.168.1.4,172.165.61.93,TCP,54,"Packet (Length: 54)"
2026-02-03 12:19:41.799136,192.168.1.4,172.165.61.93,TCP,54,"Packet (Length: 54)"
2026-02-03 12:19:41.878594,172.165.61.93,192.168.1.4,TCP,56,"Packet (Length: 56)"
2026-02-03 12:19:44.250739,95.100.86.213,192.168.1.4,QUIC,77,"Packet (Length: 77)"
2026-02-03 12:19:44.250739,95.100.86.213,192.168.1.4,QUIC,77,"Packet (Length: 77)"
2026-02-03 12:19:44.251509,192.168.1.4,95.100.86.213,QUIC,75,"Packet (Length: 75)"
2026-02-03 12:19:44.451682,192.168.1.4,95.100.86.213,QUIC,71,"Packet (Length: 71)"
2026-02-03 12:19:44.467764,95.100.86.213,192.168.1.4,QUIC,70,"Packet (Length: 70)"
2026-02-03 12:19:44.468419,192.168.1.4,95.100.86.213,QUIC,75,"Packet (Length: 75)"
2026-02-03 12:19:44.624413,192.168.1.4,95.100.86.213,QUIC,71,"Packet (Length: 71)"
2026-02-03 12:19:44.672405,95.100.86.213,192.168.1.4,QUIC,70,"Packet (Length: 70)"
2026-02-03 12:19:44.745838,95.100.86.213,192.168.1.4,QUIC,72,"Packet (Length: 72)"
2026-02-03 12:19:44.877485,N/A,N/A,SSDP,188,"Packet (Length: 188)"
2026-02-03 12:19:44.955605,192.168.1.4,95.100.86.213,QUIC,71,"Packet (Length: 71)"
2026-02-03 12:19:45.082259,95.100.86.213,192.168.1.4,QUIC,71,"Packet (Length: 71)"
2026-02-03 12:19:45.110763,N/A,N/A,SSDP,188,"Packet (Length: 188)"
2026-02-03 12:19:45.299490,192.168.1.4,95.100.86.213,QUIC,71,"Packet (Length: 71)"
2026-02-03 12:19:45.371728,N/A,N/A,SSDP,188,"Packet (Length: 188)"
2026-02-03 12:19:45.491876,95.100.86.213,192.168.1.4,QUIC,72,"Packet (Length: 72)"
2026-02-03 12:19:45.696299,N/A,N/A,SSDP,188,"Packet (Length: 188)"
2026-02-03 12:19:45.702537,192.168.1.4,95.100.86.213,QUIC,71,"Packet (Length: 71)"
2026-02-03 12:19:45.776160,95.100.86.213,192.168.1.4,QUIC,71,"Packet (Length: 71)"
2026-02-03 12:19:45.911722,192.168.1.1,239.255.255.250,SSDP,174,"Packet (Length: 174)"
2026-02-03 12:19:45.977516,192.168.1.4,95.100.86.213,QUIC,71,"Packet (Length: 71)"
2026-02-03 12:19:46.106461,95.100.86.213,192.168.1.4,QUIC,72,"Packet (Length: 72)"
2026-02-03 12:19:46.182140,192.168.1.1,239.255.255.250,SSDP,174,"Packet (Length: 174)"
2026-02-03 12:19:46.315898,192.168.1.4,95.100.86.213,QUIC,71,"Packet (Length: 71)"
2026-02-03 12:19:46.515486,N/A,N/A,SSDP,189,"Packet (Length: 189)"
2026-02-03 12:19:46.515912,95.100.86.213,192.168.1.4,QUIC,72,"Packet (Length: 72)"
2026-02-03 12:19:46.721585,N/A,N/A,SSDP,189,"Packet (Length: 189)"
2026-02-03 12:19:46.727609,192.168.1.4,95.100.86.213,QUIC,71,"Packet (Length: 71)"
2026-02-03 12:19:46.925339,95.100.86.213,192.168.1.4,QUIC,72,"Packet (Length: 72)"
2026-02-03 12:19:46.992025,N/A,N/A,SSDP,189,"Packet (Length: 189)"
2026-02-03 12:19:47.327335,192.168.1.4,95.100.86.213,QUIC,71,"Packet (Length: 71)"
2026-02-03 12:19:47.332290,N/A,N/A,SSDP,189,"Packet (Length: 189)"
2026-02-03 12:19:47.539966,192.168.1.1,239.255.255.250,SSDP,175,"Packet (Length: 175)"
2026-02-03 12:19:47.540438,95.100.86.213,192.168.1.4,QUIC,72,"Packet (Length: 72)"
2026-02-03 12:19:48.142531,192.168.1.1,239.255.255.250,SSDP,175,"Packet (Length: 175)"
2026-02-03 12:19:48.352937,192.168.1.4,95.100.86.213,QUIC,71,"Packet (Length: 71)"
2026-02-03 12:19:48.542454,95.100.86.213,192.168.1.4,QUIC,72,"Packet (Length: 72)"
2026-02-03 12:19:50.144199,192.168.1.4,95.100.86.213,QUIC,71,"Packet (Length: 71)"
2026-02-03 12:19:50.246342,95.100.86.213,192.168.1.4,QUIC,72,"Packet (Length: 72)"
2026-02-03 12:19:52.712719,192.168.1.4,142.251.209.106,TCP,55,"Packet (Length: 55)"
2026-02-03 12:19:52.793986,142.251.209.106,192.168.1.4,TCP,70,"Packet (Length: 70)"
2026-02-03 12:19:52.968436,192.168.1.4,216.58.215.150,TCP,55,"Packet (Length: 55)"
2026-02-03 12:19:53.023799,216.58.215.150,192.168.1.4,TCP,66,"Packet (Length: 66)"
2026-02-03 12:19:53.451705,192.168.1.4,95.100.86.213,QUIC,71,"Packet (Length: 71)"
2026-02-03 12:19:53.539896,192.168.1.4,216.58.215.150,TCP,55,"Packet (Length: 55)"
2026-02-03 12:19:53.552497,95.100.86.213,192.168.1.4,QUIC,72,"Packet (Length: 72)"
2026-02-03 12:19:53.594352,216.58.215.150,192.168.1.4,TCP,66,"Packet (Length: 66)"
2026-02-03 12:19:53.752084,192.168.1.4,142.250.200.142,TCP,55,"Packet (Length: 55)"
2026-02-03 12:19:53.804257,142.250.200.142,192.168.1.4,TCP,66,"Packet (Length: 66)"
2026-02-03 12:19:54.072172,95.100.86.213,192.168.1.4,QUIC,114,"Packet (Length: 114)"
2026-02-03 12:19:54.481873,104.18.39.21,192.168.1.4,TLS,78,"Packet (Length: 78)"
2026-02-03 12:19:54.482420,192.168.1.4,104.18.39.21,TLS,82,"Packet (Length: 82)"
2026-02-03 12:19:54.564458,104.18.39.21,192.168.1.4,TCP,56,"Packet (Length: 56)"
2026-02-03 12:19:54.767969,192.168.1.4,142.251.168.84,TCP,55,"Packet (Length: 55)"
2026-02-03 12:19:56.118717,N/A,N/A,ARP,42,"Packet (Length: 42)"
2026-02-03 12:19:56.977873,192.168.1.4,216.58.215.164,DATA,71,"Packet (Length: 71)"
2026-02-03 12:19:57.031319,216.58.215.164,192.168.1.4,DATA,71,"Packet (Length: 71)"
2026-02-03 12:19:57.040113,N/A,N/A,ARP,42,"Packet (Length: 42)"
2026-02-03 12:20:01.590707,192.168.1.4,142.250.200.130,TCP,55,"Packet (Length: 55)"
2026-02-03 12:20:01.647120,142.250.200.130,192.168.1.4,TCP,66,"Packet (Length: 66)"
2026-02-03 12:20:08.389512,192.168.1.4,172.217.20.225,TCP,55,"Packet (Length: 55)"
2026-02-03 12:20:08.450701,172.217.20.225,192.168.1.4,TCP,66,"Packet (Length: 66)"
2026-02-03 12:20:12.015664,192.168.1.4,64.233.167.188,DATA,55,"Packet (Length: 55)"
2026-02-03 12:20:13.893731,192.168.1.4,142.250.185.6,TCP,55,"Packet (Length: 55)"
2026-02-03 12:20:13.960840,142.250.185.6,192.168.1.4,TCP,66,"Packet (Length: 66)"
2026-02-03 12:20:14.450518,104.18.39.21,192.168.1.4,TLS,78,"Packet (Length: 78)"
2026-02-03 12:20:14.451068,192.168.1.4,104.18.39.21,TLS,82,"Packet (Length: 82)"
2026-02-03 12:20:14.533485,104.18.39.21,192.168.1.4,TCP,56,"Packet (Length: 56)"
2026-02-03 12:20:14.920299,192.168.1.4,40.126.53.17,TCP,55,"Packet (Length: 55)"
2026-02-03 12:20:15.884746,192.168.1.4,40.126.53.17,TCP,55,"Packet (Length: 55)"
2026-02-03 12:20:17.453210,192.168.1.4,142.250.185.3,TCP,55,"Packet (Length: 55)"
2026-02-03 12:20:17.514630,142.250.185.3,192.168.1.4,TCP,66,"Packet (Length: 66)"
2026-02-03 12:20:21.925494,64.233.167.188,192.168.1.4,TCP,70,"Packet (Length: 70)"
2026-02-03 12:20:21.925494,142.251.209.106,192.168.1.4,TLS,131,"Packet (Length: 131)"
2026-02-03 12:20:21.975626,192.168.1.4,142.251.209.106,TCP,54,"Packet (Length: 54)"
2026-02-03 12:20:23.461893,N/A,N/A,ICMPV6,70,"Packet (Length: 70)"
2026-02-03 12:20:23.983750,192.168.1.4,216.58.215.164,DATA,71,"Packet (Length: 71)"
2026-02-03 12:20:24.038322,216.58.215.164,192.168.1.4,DATA,71,"Packet (Length: 71)"
2026-02-03 12:20:26.942966,142.251.209.106,192.168.1.4,TLS,114,"Packet (Length: 114)"
2026-02-03 12:20:26.948855,142.251.209.106,192.168.1.4,TCP,58,"Packet (Length: 58)"
2026-02-03 12:20:26.948932,192.168.1.4,142.251.209.106,TCP,54,"Packet (Length: 54)"
2026-02-03 12:20:30.679550,192.168.1.4,98.66.133.185,TLS,155,"Packet (Length: 155)"
2026-02-03 12:20:30.751002,98.66.133.185,192.168.1.4,TLS,225,"Packet (Length: 225)"
2026-02-03 12:20:30.798971,192.168.1.4,98.66.133.185,TCP,54,"Packet (Length: 54)"
2026-02-03 12:20:34.520849,104.18.39.21,192.168.1.4,TLS,78,"Packet (Length: 78)"
2026-02-03 12:20:34.521400,192.168.1.4,104.18.39.21,TLS,82,"Packet (Length: 82)"
2026-02-03 12:20:34.601873,104.18.39.21,192.168.1.4,TCP,56,"Packet (Length: 56)"
2026-02-03 12:20:38.034272,192.168.1.4,216.58.215.150,TCP,55,"Packet (Length: 55)"
2026-02-03 12:20:38.093489,216.58.215.150,192.168.1.4,TCP,66,"Packet (Length: 66)"
2026-02-03 12:20:38.602144,192.168.1.4,216.58.215.150,TCP,55,"Packet (Length: 55)"
2026-02-03 12:20:38.654330,216.58.215.150,192.168.1.4,TCP,66,"Packet (Length: 66)"
2026-02-03 12:20:38.816705,192.168.1.4,142.250.200.142,TCP,55,"Packet (Length: 55)"
2026-02-03 12:20:38.873887,142.250.200.142,192.168.1.4,TCP,66,"Packet (Length: 66)"
2026-02-03 12:20:39.774771,192.168.1.4,142.251.168.84,TCP,55,"Packet (Length: 55)"
2026-02-03 12:20:39.854039,142.251.168.84,192.168.1.4,TCP,70,"Packet (Length: 70)"
2026-02-03 12:20:46.661208,192.168.1.4,142.250.200.130,TCP,55,"Packet (Length: 55)"
2026-02-03 12:20:48.139472,216.58.215.164,192.168.1.4,DATA,114,"Packet (Length: 114)"
2026-02-03 12:20:48.139472,N/A,N/A,SSDP,188,"Packet (Length: 188)"
2026-02-03 12:20:48.344349,N/A,N/A,SSDP,188,"Packet (Length: 188)"
2026-02-03 12:20:48.651658,N/A,N/A,SSDP,188,"Packet (Length: 188)"
2026-02-03 12:20:48.857431,N/A,N/A,SSDP,188,"Packet (Length: 188)"
2026-02-03 12:20:49.163559,192.168.1.1,239.255.255.250,SSDP,174,"Packet (Length: 174)"
2026-02-03 12:20:49.368974,192.168.1.1,239.255.255.250,SSDP,174,"Packet (Length: 174)"
2026-02-03 12:20:49.675411,N/A,N/A,SSDP,189,"Packet (Length: 189)"
2026-02-03 12:20:49.982814,N/A,N/A,SSDP,189,"Packet (Length: 189)"
2026-02-03 12:20:50.189746,N/A,N/A,SSDP,189,"Packet (Length: 189)"
2026-02-03 12:20:50.299195,192.168.1.4,192.168.1.1,DNS,92,"Packet (Length: 92)"
2026-02-03 12:20:50.341050,192.168.1.4,192.168.1.1,DNS,92,"Packet (Length: 92)"
2026-02-03 12:20:50.343285,192.168.1.1,192.168.1.4,DNS,221,"Packet (Length: 221)"
2026-02-03 12:20:50.345794,192.168.1.1,192.168.1.4,DNS,221,"Packet (Length: 221)"
2026-02-03 12:20:50.353466,192.168.1.4,135.234.160.244,TCP,74,"Packet (Length: 74)"
2026-02-03 12:20:50.431968,N/A,N/A,SSDP,189,"Packet (Length: 189)"
2026-02-03 12:20:50.480788,135.234.160.244,192.168.1.4,TCP,74,"Packet (Length: 74)"
2026-02-03 12:20:50.480935,192.168.1.4,135.234.160.244,TCP,66,"Packet (Length: 66)"
2026-02-03 12:20:50.483822,192.168.1.4,135.234.160.244,TLS,281,"Packet (Length: 281)"
2026-02-03 12:20:50.699970,135.234.160.244,192.168.1.4,TLS,1466,"Packet (Length: 1466)"
2026-02-03 12:20:50.700485,135.234.160.244,192.168.1.4,TCP,1466,"Packet (Length: 1466)"
2026-02-03 12:20:50.700543,192.168.1.4,135.234.160.244,TCP,66,"Packet (Length: 66)"
2026-02-03 12:20:50.700835,192.168.1.1,239.255.255.250,SSDP,175,"Packet (Length: 175)"
2026-02-03 12:20:50.905422,135.234.160.244,192.168.1.4,TCP,1466,"Packet (Length: 1466)"
2026-02-03 12:20:50.905422,135.234.160.244,192.168.1.4,TLS,383,"Packet (Length: 383)"
2026-02-03 12:20:50.905563,192.168.1.4,135.234.160.244,TCP,66,"Packet (Length: 66)"
2026-02-03 12:20:50.911540,192.168.1.4,135.234.160.244,TLS,224,"Packet (Length: 224)"
2026-02-03 12:20:50.923797,192.168.1.1,239.255.255.250,SSDP,175,"Packet (Length: 175)"
2026-02-03 12:20:51.109378,135.234.160.244,192.168.1.4,TLS,117,"Packet (Length: 117)"
2026-02-03 12:20:51.149893,192.168.1.4,135.234.160.244,TCP,66,"Packet (Length: 66)"
2026-02-03 12:20:51.161302,192.168.1.4,135.234.160.244,TLS,1466,"Packet (Length: 1466)"
2026-02-03 12:20:51.161302,192.168.1.4,135.234.160.244,TLS,88,"Packet (Length: 88)"
2026-02-03 12:20:51.163666,192.168.1.4,135.234.160.244,TLS,1466,"Packet (Length: 1466)"
2026-02-03 12:20:51.319532,135.234.160.244,192.168.1.4,TCP,66,"Packet (Length: 66)"
2026-02-03 12:20:51.319613,192.168.1.4,135.234.160.244,TCP,1466,"Packet (Length: 1466)"
2026-02-03 12:20:51.359440,135.234.160.244,192.168.1.4,TCP,66,"Packet (Length: 66)"
2026-02-03 12:20:51.359522,192.168.1.4,135.234.160.244,TLS,1466,"Packet (Length: 1466)"
2026-02-03 12:20:51.359522,192.168.1.4,135.234.160.244,TCP,1466,"Packet (Length: 1466)"
2026-02-03 12:20:51.520558,135.234.160.244,192.168.1.4,TCP,66,"Packet (Length: 66)"
2026-02-03 12:20:51.520605,192.168.1.4,135.234.160.244,TCP,1466,"Packet (Length: 1466)"
2026-02-03 12:20:51.520605,192.168.1.4,135.234.160.244,TLS,1466,"Packet (Length: 1466)"
2026-02-03 12:20:51.520605,192.168.1.4,135.234.160.244,TLS,601,"Packet (Length: 601)"
2026-02-03 12:20:51.541740,142.250.200.142,192.168.1.4,TLS,127,"Packet (Length: 127)"
2026-02-03 12:20:51.564753,135.234.160.244,192.168.1.4,TCP,66,"Packet (Length: 66)"
2026-02-03 12:20:51.588828,192.168.1.4,142.250.200.142,TCP,54,"Packet (Length: 54)"
2026-02-03 12:20:51.679637,135.234.160.244,192.168.1.4,TCP,66,"Packet (Length: 66)"
2026-02-03 12:20:51.711177,135.234.160.244,192.168.1.4,TLS,1065,"Packet (Length: 1065)"
2026-02-03 12:20:51.715276,192.168.1.4,135.234.160.244,TCP,66,"Packet (Length: 66)"
2026-02-03 12:20:51.929556,135.234.160.244,192.168.1.4,TCP,66,"Packet (Length: 66)"
2026-02-03 12:20:51.929615,192.168.1.4,135.234.160.244,TCP,66,"Packet (Length: 66)"
2026-02-03 12:20:52.338276,216.58.215.150,192.168.1.4,TLS,127,"Packet (Length: 127)"
2026-02-03 12:20:52.338977,192.168.1.4,216.58.215.150,TCP,54,"Packet (Length: 54)"
2026-02-03 12:20:52.480036,216.58.215.150,192.168.1.4,TCP,54,"Packet (Length: 54)"
2026-02-03 12:20:52.480122,192.168.1.4,216.58.215.150,TCP,54,"Packet (Length: 54)"
2026-02-03 12:20:52.665580,216.58.215.150,192.168.1.4,TLS,127,"Packet (Length: 127)"
2026-02-03 12:20:52.711718,192.168.1.4,216.58.215.150,TCP,54,"Packet (Length: 54)"
2026-02-03 12:20:53.453124,192.168.1.4,172.217.20.225,TCP,55,"Packet (Length: 55)"
2026-02-03 12:20:53.520574,172.217.20.225,192.168.1.4,TCP,66,"Packet (Length: 66)"
2026-02-03 12:20:54.704123,104.18.39.21,192.168.1.4,TLS,78,"Packet (Length: 78)"
2026-02-03 12:20:54.704264,142.251.168.84,192.168.1.4,TLS,131,"Packet (Length: 131)"
2026-02-03 12:20:54.704677,192.168.1.4,104.18.39.21,TLS,82,"Packet (Length: 82)"
2026-02-03 12:20:54.748179,192.168.1.4,142.251.168.84,TCP,54,"Packet (Length: 54)"
2026-02-03 12:20:54.768510,104.18.39.21,192.168.1.4,TCP,78,"Packet (Length: 78)"
2026-02-03 12:20:54.768601,192.168.1.4,104.18.39.21,TCP,66,"Packet (Length: 66)"
2026-02-03 12:20:54.793262,104.18.39.21,192.168.1.4,TCP,56,"Packet (Length: 56)"
2026-02-03 12:20:54.797077,142.251.168.84,192.168.1.4,TCP,131,"Packet (Length: 131)"
2026-02-03 12:20:54.797160,192.168.1.4,142.251.168.84,TCP,66,"Packet (Length: 66)"
2026-02-03 12:20:56.639147,142.250.200.142,192.168.1.4,TLS,110,"Packet (Length: 110)"
